{
    "Training_loss": [
        0.6152519774147108,
        0.15013015703191332,
        0.10223419764302745
    ],
    "Validation_loss": [
        0.33362996234791825,
        0.2847431635064858,
        0.2669643858205714
    ],
    "Accuracy": [
        90.57971464983991,
        92.55416368779336,
        93.31136738056013
    ],
    "Epochs": 3,
    "Epoch_Reached": 2
}